Threshold_Used,Precision,Recall,F1_Score,Balanced_Accuracy,Brier_Score,ROC_AUC,PR_AUC
0.32,0.8823706497025201,0.9332836158570819,0.907113304665103,0.8340703793571124,0.11585039792080484,0.9172985109745544,0.9437608721902174
