Mean_ms,p50_ms,p95_ms,p99_ms
8.528851005963588,7.852067000385432,11.297619799825043,15.36334516986244
