Mean_ms,p50_ms,p95_ms,p99_ms
7.916760353979043,7.607574499161274,10.441561949392053,10.772567670392164
