{
    "Trust_Threshold": 0.37250000000000005,
    "Risk_Threshold": 0.6275,
    "ROC_AUC": 0.9922377883712287,
    "F1_Score": 0.936248063463889,
    "Precision": 0.9685426196765621,
    "Recall": 0.9060376391881463,
    "False_Positive_Rate": 0.029294999999999856,
    "Confusion_Matrix": {
        "TN": 194141,
        "FP": 5859,
        "FN": 18708,
        "TP": 180393
    }
}