{
  "score_stats": {
    "min": -0.688706982073158,
    "max": -0.40663340874692866,
    "mean": -0.4956401142866774,
    "std": 0.06963164212843159
  },
  "normal_mean": -0.4649229097658406,
  "attack_mean": -0.618508932370025,
  "fp_rate": 0.045,
  "fn_rate": 0.0,
  "risk_distribution": {
    "Low": 305,
    "Medium": 459,
    "High": 206,
    "Critical": 30
  }
}