{
  "thresholds": {
    "low": 0.7539911649864499,
    "medium": 0.7340167764825823,
    "high": 0.7140423879787148
  },
  "fp_rate": 0.025,
  "fn_rate": 0.0,
  "risk_distribution": {
    "Low": 680,
    "Medium": 100,
    "High": 40,
    "Critical": 180
  }
}