{
  "low_medium": 0.32,
  "medium_high": 0.6,
  "high_critical": 0.94,
  "method": "weighted_jenks_histogram",
  "diagnostics": {
    "analysis": {
      "n": 257673,
      "min": 0.03530925219319083,
      "max": 0.9877727208466419,
      "mean": 0.5630277812848176,
      "std": 0.3724053271451498,
      "unique_values": 19187,
      "quantiles": {
        "p10": 0.04944103412399011,
        "p25": 0.14349384486313707,
        "p50": 0.885804724415,
        "p75": 0.885804724415,
        "p90": 0.885804724415,
        "p95": 0.9433074163778697,
        "p99": 0.9705343223637468
      },
      "skewness": -0.34334709965315025,
      "pearson_kurtosis": 1.2648294500084305,
      "bimodality_coefficient": 0.8838244799192327,
      "histogram": {
        "edges": [
          0.0,
          0.03333333333333333,
          0.06666666666666667,
          0.1,
          0.13333333333333333,
          0.16666666666666666,
          0.2,
          0.23333333333333334,
          0.26666666666666666,
          0.3,
          0.3333333333333333,
          0.36666666666666664,
          0.4,
          0.43333333333333335,
          0.4666666666666667,
          0.5,
          0.5333333333333333,
          0.5666666666666667,
          0.6,
          0.6333333333333333,
          0.6666666666666666,
          0.7,
          0.7333333333333333,
          0.7666666666666666,
          0.8,
          0.8333333333333334,
          0.8666666666666667,
          0.9,
          0.9333333333333333,
          0.9666666666666667,
          1.0
        ],
        "counts": [
          0,
          39242,
          8774,
          10369,
          23417,
          4216,
          3801,
          3109,
          3227,
          2407,
          1764,
          2867,
          2905,
          1906,
          2245,
          1237,
          2001,
          1242,
          703,
          1032,
          1701,
          1564,
          781,
          635,
          1530,
          2332,
          113840,
          4189,
          11490,
          3147
        ]
      },
      "peak_count": 5,
      "peaks": [
        {
          "bin": 2,
          "center": 0.08333333333333334,
          "count": 8774,
          "smoothed": 19461.666666666664,
          "local_span": [
            1,
            3
          ]
        },
        {
          "bin": 12,
          "center": 0.4166666666666667,
          "count": 2905,
          "smoothed": 2559.333333333333,
          "local_span": [
            11,
            13
          ]
        },
        {
          "bin": 15,
          "center": 0.5166666666666666,
          "count": 1237,
          "smoothed": 1827.6666666666665,
          "local_span": [
            14,
            16
          ]
        },
        {
          "bin": 20,
          "center": 0.6833333333333333,
          "count": 1701,
          "smoothed": 1432.3333333333333,
          "local_span": [
            19,
            21
          ]
        },
        {
          "bin": 27,
          "center": 0.9166666666666667,
          "count": 4189,
          "smoothed": 43173.0,
          "local_span": [
            26,
            28
          ]
        }
      ],
      "top_repeated_scores": [
        {
          "value": 0.8858047244,
          "count": 108747,
          "share": 0.42203490470480026
        },
        {
          "value": 0.1189824398,
          "count": 3881,
          "share": 0.01506172552033003
        },
        {
          "value": 0.0969623886,
          "count": 1577,
          "share": 0.006120160047812537
        },
        {
          "value": 0.0354186247,
          "count": 1049,
          "share": 0.004071051293693945
        },
        {
          "value": 0.1432757535,
          "count": 978,
          "share": 0.003795508260469665
        },
        {
          "value": 0.0356012985,
          "count": 776,
          "share": 0.003011568926507628
        },
        {
          "value": 0.1430913524,
          "count": 657,
          "share": 0.0025497432792725666
        },
        {
          "value": 0.1448137413,
          "count": 558,
          "share": 0.0021655353878753305
        },
        {
          "value": 0.1430730679,
          "count": 477,
          "share": 0.0018511834767321372
        },
        {
          "value": 0.1431626213,
          "count": 477,
          "share": 0.0018511834767321372
        }
      ],
      "edge_mass": {
        "<=0.05": 0.10410093412969151,
        ">=0.95": 0.04333011219646606,
        "<=0.10": 0.18634470821545138,
        ">=0.90": 0.0730615935701451
      }
    },
    "occupied_bins": 244,
    "hist_bins": 256,