{
  "low": 0.7539911649864499,
  "medium": 0.7340167764825823,
  "high": 0.7140423879787148
}