{
    "low": 0.1135061528525502,
    "medium": 0.42238072488265094,
    "high": 0.775037793505787
}