{
  "low": -0.44489881769444745,
  "medium": -0.5381068133363818,
  "high": -0.631314808978316
}