{
    "low": 0.853030303030303,
    "medium": 0.803030303030303,
    "high": 0.35
}