{
    "low": 0.8864938471474498,
    "medium": 0.577619275117349,
    "high": 0.38
}