{
    "low": 0.5,
    "medium": 0.35757575757575755,
    "high": 0.14973091082287712
}