{
  "low": 0.9999644283649043,
  "medium": 0.3640184248974745,
  "high": 0.2147247711884388
}